contrato;juros_mensal_percentual;juros_atraso_dia_percentual;juros_pagos_historico
cmq6r84vn0008kqod2ulltjr9;20;10;400
cmq6s5r1u000okqodcycz15de;30;0;120
cmq7087g50013kqodxf8vey5r;30;0;180
cmq71byn8001mkqodkyxt9me2;30;0;210
cmq724spa002bkqodvelvvz6w;30;10;120
cmq73i137003bkqod0pdblcek;0;9.99;0
cmq740onr0046kqodo76g0dc5;30;10;180
cmq74toua004ykqod60kt3ta3;30;10;0
cmq76zubh005lkqods5hpd0zq;20;10;0
cmq77hbqz006ekqodsxjfnfu0;30;10;240
cmq77u1ps0073kqodai6u8q3y;30;10;300
cmq787qht007ukqodtzlri0ku;30;10;0
cmqf4k4p10002flz1xxxbvvu1;30;0;150
cmqf4k5c60005flz13g1upeli;30;10;0
cmqf4y75l0008fln2rot7c87o;0;10;0
cmqf4y8zk000hfln2op7mefa3;10;0;0
cmqf4y9mb000kfln2r6wxjv8s;10;0;0
cmqf4ybn6000tfln2uyp321pm;30;0;0
cmqf4yeaz0015fln24behlkem;0;10;0
cmqf4yezb0018fln26bkpq2ze;10;0;0
cmqf4yfqu001bfln2af0bawci;10;0;0
cmqf4ygkl001efln2m9difjz5;10;0;0
cmqf4ymco0025fln29rpu5f7m;30;10;0
cmqf4yopl002hfln2agb5kurk;30;0;0
cmqf4ypas002kfln2xia4cy5a;10;0;0
cmqf4ypv4002nfln24v2so2u3;10;0;0
cmqf4yqhh002qfln26gnr9vw8;10;0;0
cmqf4ysef002zfln2u4xcrbnr;10;0;0
cmqf4yszv0032fln2ivak14jq;10;0;0
cmqf4ytok0035fln2k8aqo5mh;10;0;0
cmqf4yu9j0038fln2w61zjfkx;10;0;0
cmqf4yuw8003bfln2dhqrbk39;0;10;0
cmqf4yvil003efln2c9bfvafp;30;10;150
cmqf4yy4r003qfln2kzchzlp6;30;0;0
cmqf4z1h00045fln23dof8wul;10;0;0
cmqf4z39u004efln2xhgsk0yo;30;0;0
cmqf4z7iu004pfln2otj1j3ho;10;0;0
cmqf4z8p0004sfln21skw1buu;10;0;0
cmqf4zdel005afln25xu8ysl7;10000;0;0
cmqf4zex9005gfln2162wbstd;30;0;0
cmqf4zfiw005jfln20ysjag5g;30;0;0
cmqf4zg5o005mfln2bu7q7r48;30;0;0
cmqf4ziof005yfln2kmhd1hqo;0;10;0
cmqf4zlc2006afln2hd1qas4q;30;10;0
cmqf4zm45006dfln2pp4f07cr;0;10;0
cmqf4znyb006mfln2chxg7i97;10;0;0
cmqf4zok5006pfln2hu3mtl1w;10;0;0
cmqf4zp51006sfln2l8cz4f6q;10;0;0
cmqf4zpry006vfln2qwcdh0go;10;0;0
cmqf4zqyy0071fln2b4rlxo3o;30;0;0
cmqf4zrmq0074fln20psg778l;30;0;0
cmqf4zuq9007gfln2n47dkbaq;10;0;3000
cmqf4zvbe007jfln2j73078vy;30000;0;0
cmqf4zw1w007mfln2vmafu7an;30;0;0
cmqf4zwoy007pfln2lfq97jxw;0;10;0
cmqf4zxbe007sfln2yo3gssvr;20;0;0
cmqf4zy1d007vfln2f7okk5og;30;0;300
cmqf4zyoy007yfln22nnqwfmb;10;0;100
cmqf4zzf00081fln2188q4h5m;0;10;0
cmqf5004f0084fln2bibw7gos;30;0;0
cmqf501ub008bfln25ncnkqc1;30;0;0
cmqf502g2008efln21rrry55z;0;10;0
cmqf503fo008ifln2mazl457j;30;0;0
cmqf5040m008lfln2vcgkkpmr;10;0;0
cmqf504oe008ofln2gmqtozop;10000;0;0
cmqf50597008rfln2zsfytv7p;10;0;0
cmqf505xm008ufln2vcs9nrvl;20;0;0
cmqf508940094fln24nwzf4bb;20;0;400
cmqf508uv0097fln2vwrxc4th;0;10;0
cmqf509gi009afln2ca3bmjys;30;0;0
cmqf50aip009efln2crlazlmo;20;0;0
cmqf50b51009hfln27ksfr4cm;30;0;0
cmqf50co9009mfln2eret9gtp;30;10;0
cmqf50dap009pfln2vm7zmvm3;20;0;160
cmqf50ecw009tfln2vm1m952w;30;0;240
cmqf50f0e009wfln2r1b3zfvj;30;0;255
cmqf50foy009zfln2k4l9yyy9;30000;0;300
cmqf50grl00a3fln21489px4y;10;0;0
cmqf50ie900a9fln27adcbkfm;30;10;0
cmqf50iz000acfln2wkz30t8j;30;0;0
cmqf50jkb00affln2dtzyl3lh;30000;0;0
cmqf50ldo00amfln22kkb2fso;30000;0;0
cmqf50lys00apfln2kpc74ylf;30.1176;0;0
cmqf50mkc00asfln2f3bygxz4;30;10;0
cmqf50n5500avfln2xlf2mhex;30;10;300
cmqf50nuf00ayfln2ax7479el;30;0;0
cmqf50oh600b1fln2l74r0y7l;30;10;0
cmqf50p1v00b4fln246k6toop;30;9.99;0
cmqf50pmh00b7fln2xfl3urgv;30;10;0
cmqf50qfz00bafln2pvv12nyy;30;10;0
cmqf50r1m00bdfln26yrycs43;30;10;0
cmqf50rne00bgfln278nhx9a4;30;9.98;300
cmqf50sch00bjfln2jpdgywxl;30;10;150
cmqf50t0g00bmfln2ry158i1g;30;10;0
cmqf50tr900bpfln2kl2aezek;10;10;300
cmqf50ugk00bsfln24pfv5pa5;30;10;0
cmqf50v1u00bvfln226hww4ef;30;10;300
cmqf50vov00byfln21lma5kqn;0;10;0
cmqf50w9u00c1fln2xec9e4zp;0;10;0
cmqf50wul00c4fln29d0wup6g;0;10;0
cmqf50xgk00c7fln2d27uu3sk;30;10;180
cmqf50y3p00cafln23tlquugp;10;10;50
cmqf50ype00cdfln2v8xyr5s2;10;9.98;30
cmqf50zda00cgfln243fhlj3g;10;10;130
cmqf5100900cjfln2r0mxgz5f;10;10;0
cmqf510qp00cmfln2xr0ibtkd;10;10;300
cmqf511ck00cpfln214sjj8d0;30;10;240
cmqf511yx00csfln2hvkkb3hp;30;10;0
cmqf512o300cvfln26y637zbg;30;10;300
cmqf513a200cyfln2pzaw0pqw;30;10;0
cmqf513vl00d1fln2plqgxsrt;30;10;150
cmqf514hr00d4fln2iq8mjlg3;0;10;0
cmqf5153z00d7fln26lqmmsu0;30;10;210
cmqf5167g00dafln2l3wuyzl5;0;10;0
cmqf516t300ddfln2vw5e7tie;20;10;0
cmqf517fe00dgfln2ox90gjy4;30;10;0
cmqf5184u00djfln2v998c3bd;30;10;0
cmqf518py00dmfln2bnzywmow;30;10;300
cmqf519ek00dpfln2r8g0mibo;30;10;0
cmqf51a0h00dsfln2lckcn9uc;30;10;150
cmqf51ck000e0fln2m0jzvdg9;30;0;300
cmqf51d9q00e3fln2k4j7k4jf;30;0;240
cmqf51dv200e6fln2xe8b37nj;30;0;0
cmqf51eg400e9fln2y4f23yav;10;0;300
cmqf51f4w00ecfln24jw7nfgi;10;0;50
cmqf51fu600effln20scja6jw;10;0;60
cmqf51gn200eifln2cr8ys04o;10;0;0
cmqf51ha300elfln2ejcpezkr;30;10;300
cmqf51i7a00eofln252g167ry;30;0;0
cmqf51iss00erfln2j0g4y56q;30000;0;0
cmqf51jh500eufln2wh5w2p4k;30;0;300
cmqf51k3y00exfln2vcbx6e7m;30;10;0
cmqf51kow00f0fln2h77zn4kx;30;0;150
cmqf51lbh00f3fln24dwuz6w4;30;0;180
cmqf51m4c00f6fln2oh077fao;0;10;0
cmqf51mq400f9fln2m73eoai6;10;0;0
cmqf51nbe00fcfln2yt2vfbtz;30;0;0
cmqf51o1100fffln2z9hdbmej;10;0;50
cmqf51owl00fifln2mmgdlfbv;10;0;80
cmqf51pno00flfln23qq4nvym;10;0;300
cmqf51q9200fofln2agsuunx7;30;0;300
cmqf51qua00frfln27cvptrp3;30;0;0
cmqf51rh000fufln2opr14mjm;30;0;0
cmqf51s2d00fxfln2u6xhs84i;30;0;150
cmqf51sr300g0fln2jnrbunvz;30;0;300
cmqf51txh00g4fln2qk1r5oiw;30;0;150
cmqf51uu200g7fln233c5zmpa;30;0;0
cmqf51vij00gafln2yt0drze5;30;10;0
cmqf51w5k00gdfln2wypvpaci;0;10;0
cmqf51wuc00ggfln2o1pd804o;10;0;500
cmqf51xfn00gjfln25ddlfgd0;30;0;150
cmqf51y0b00gmfln24bhnnmxw;0;10;0
cmqf51yl300gpfln2nhw0molv;0;10;0
cmqf51z9p00gsfln2xq2aj07w;30;0;0
cmqf51zuf00gvfln2hdk1h6qh;30;0;210
cmqf520fi00gyfln2jk34b891;0;10;0
cmqf5216i00h1fln2tdyyvy9l;30;0;0
cmqf521rn00h4fln2auu8rinv;30;0;450
cmqf522ck00h7fln21ipf0alk;30;0;0
cmqf522yt00hafln2994q0tvp;30000;0;300
cmqf523li00hdfln2mvi9thha;30;0;450
cmqf5248000hgfln2ucqtxug4;0;10;0
cmqf524uh00hjfln2gugttekk;30;0;90
cmqf525m500hmfln2wtaxthlp;30;0;0
cmqf526c100hpfln2hr6qeni1;30000;0;300
cmqf526x500hsfln27vqtki0o;30;0;0
cmqf527iq00hvfln2ie9zi2wq;10;0;50
cmqf5283k00hyfln24d33sb6i;30;0;0
cmqf528ol00i1fln2zlgxrvwj;0;10;0
cmqf529ey00i4fln2lbrj9gjn;30;0;90
cmqf52a5v00i7fln2cz0bwl9w;30;10;0
cmqf52arn00iafln2k9v2foj1;10;0;90
cmqf52bjy00idfln2e0t9tk42;10;0;0
cmqf52c5300igfln2vc2e1l8a;10;0;80
cmqf52csh00ijfln240p5j91x;10;0;100
cmqf52dgp00imfln2ffjecm5u;20;0;600
cmqf52e5x00ipfln2hykl6cr8;0;10.01;0
cmqf52faa00itfln2yquizb5a;30;0;300
cmqf52gj300ixfln25bjr1r48;30;10;0
cmqf52h5y00j0fln27ymg4ler;30;0;90
cmqf52hsr00j3fln2osc5sf6a;0;10;0
cmqf52ij900j6fln2lbcbgywl;10;0;400
cmqf52j8a00j9fln2xp75l9iz;0;10;0
cmqf52jtx00jcfln2vhgj6a61;0;10;0
cmqf52kgw00jffln2crdt3bgp;0;10;0
cmqf52laa00jifln2gllm20ax;30;0;360
cmqf52ly500jlfln2y7mzvg61;20;10;0
cmqf52mkb00jofln2ntww3n4j;10;0;0
cmqf52n7i00jrfln2ig8k02g9;10;0;0
cmqf52ntt00jufln2chk4fk91;10;0;0
cmqf52ogs00jxfln2oteher08;10;0;0
cmqf52p3c00k0fln2yujrsi8n;10;0;0
cmqf52ppb00k3fln23qdsyqg2;30;10;0
cmqf52qau00k6fln22y1ikwfm;10;0;0
cmqf52r0z00k9fln2ztd9g1ps;10;0;0
cmqf52rmq00kcfln2pnj50qxi;10;0;0
cmqf52sdn00kffln2hztdp9hn;10;0;0
cmqf52t4100kifln2x73dhgff;30;0;120
cmqf52tt200klfln2f18e714i;30;0;0
cmqf52uqw00kofln25c9nbypb;30;10;450
cmqf52vd400krfln2v5id2th5;20;0;60
cmqf52w0n00kufln2yyeflchv;30;0;0
cmqf52wro00kxfln2j86w6zzj;30;10;300
cmqf52xg000l0fln25bildm2v;30;0;0
cmqf52y1100l3fln21xy70zs8;30;10;0
cmqf52yps00l6fln2uqxqa4q5;30;0;0
cmqf52zji00l9fln2krtmumcj;30;0;150
cmqf530ej00lcfln2oioepsth;30;0;150
cmqf531ay00lffln20v2zqjcg;30;0;240
cmqf5325w00lifln2rsb5kyc0;0;10;0
cmqf532ua00llfln25o0g7l25;0;10;0
cmqf5341a00lofln22aptw1xf;0;10;0
cmqf534xb00lrfln2kojlpjzt;0;10;0
cmqf535nh00lufln2drtjwr5q;30;10;240
cmqf536h300lxfln2s5hr87se;30;10;240
cmqf5376r00m0fln2ewimn810;30;10;0
cmqf537ui00m3fln2tco4yapx;30;0;0
cmqf538ft00m6fln2hlzowhxx;30;10;0
cmqf5397t00m9fln2u4ql7xbz;30;10;210
cmqf539w700mcfln27k3q5f22;30;10;210
cmqf53ai200mffln2305d89tq;30;10;0
cmqf53b3400mifln2i9nigiei;30;10;0
cmqf53bqa00mlfln2fpac2w6k;0;10;0
cmqf53ckr00mofln2kkv4ic4u;10;0;0
cmqf53d9p00mrfln29st010e9;10;0;50
cmqf53dxc00mufln206cctet9;10;0;40
cmqf53enp00mxfln2dxw6jkha;10;0;0
cmqf53fux00n3fln2cmusecqg;10;0;50
cmqf53ggr00n6fln2r2zlr87y;10;0;80.00000000000011
cmqf53hoo00nafln222fykvll;30;10;0
cmqf53ici00ndfln2n7yqbhz9;30;0;0
cmqf53ixz00ngfln2gztauwmn;30;9.99;690
cmqf53jiu00njfln2taaqs6z6;0;9.99;0
cmqf53k6500nmfln2089nnobt;0;10;0
cmqf53kr500npfln2mqiw3fp3;30;0;0
cmqf53lm700nsfln2o8sak9ki;30;10;0
cmqf53m9v00nvfln2t5tpx2b4;0;10;0
cmqf53mx500nyfln25tq5adea;30;0;0
cmqf53nhk00o1fln2gkdixg38;30;0;0
cmqf53o2f00o4fln21r59jaku;0;10;0
cmqf53onj00o7fln24y8onkrm;0;10;0
cmqf53p9j00oafln26nm3mrza;0;10;0
cmqf53qjs00ogfln28mgt15jf;30;0;0
cmqf53rk800okfln2tvhon3yb;0;10;0
cmqf53s9700onfln2exfye7tg;0;10;0
cmqf53t0l00oqfln2abtgd7l3;30;0;0
cmqf53tlx00otfln2k1rpzysu;30;0;0
cmqf53uce00owfln29a0b3taw;30;0;0
cmqf53uya00ozfln2axb8rbzp;30;0;0
cmqf53vk500p2fln2ksygxy61;0;9.98;0
cmqf53w6200p5fln2u3rkvvy0;30;0;0
cmqf53wsu00p8fln2etpf40ev;30;0;0
cmqf53xen00pbfln26f0sdfsk;30;0;0
cmqf53xzs00pefln2l5vucep0;0;10;0
cmqf53yko00phfln2dcgumo4f;30;0;0
cmqf53z8h00pkfln2dpk28et4;0;10;0
cmqf53zvh00pnfln2z36dlkd4;0;9.99;0
cmqf540gb00pqfln2nj92336r;30;10;0
cmqf541p700pwfln2377rfwpl;0;10;0
cmqf542a500pzfln2v7vv1cjo;10;10;0
cmqf542vb00q2fln2008oqi5s;30;10;0
cmqf543kg00q5fln25r9ilww8;0;10;0
cmqf544yc00qbfln2sgn4hjcu;30;10;0
cmqf545kd00qefln2zhf8cy61;0;10;0
cmqf559910001flf6fkx3d1dn;0;10;0
cmqf559ta0003flf6t4imfexj;10;10;0
cmqf559xe0008flf64omi2ukw;30;10;0
cmqf55a1f000aflf69cav3zoo;30;10;0
cmqf55a1i000cflf69f432ljj;30;10;1035.681364317931
cmqf55a2b000eflf674xsmwol;0;10;0
cmqf55a2v000kflf6xks19jy4;30;10;0
cmqf55a6g000oflf6rfy80qxt;30;10;0
cmqf55agf000qflf64pwub6ud;0;10;0
cmqf55as4000zflf6hjfhqkxg;10;0;0
cmqf55aty0011flf6m5dn3jdr;20;0;0
cmqf55au00014flf6aq6uoc5z;30;10;0
cmqf55au40018flf65we5pnxk;0;10;0
cmqf55b2t001aflf6pdgt2m4t;10;0;0
cmqf55b6c001cflf640b5cu1e;10;0;0
cmqf55b9n001eflf6j0andwkd;30;0;0
cmqf55b9s001gflf6pzp51ufz;30;10;0
cmqf55b9t001iflf6zitouwvy;0;10;0
cmqf55ba5001kflf66sdp9wy4;30;10;0
cmqf55bd3001mflf66wbzfuf2;30;10;2000
cmqf55bd4001oflf6rksjlwsp;30;10;0
cmqf55beg001rflf685ygfn42;30;10;0
cmqf55bnc001vflf6tgj23vcd;30;10;0
cmqf55br6001xflf61m46zyb9;30;10;0
cmqf55bzb001zflf6m745w5gw;30;10;0
cmqf55bzc0021flf6yj0l5aev;10;10;0
cmqf55bzc0023flf6u642pyad;30;10;0
cmqf55bzd0025flf6l6et7wxv;30;0;0
cmqf55bzd0027flf6sbrwxch2;30;10;0
cmqf55c2u0029flf6ahwrukl1;30;10;0
cmqf55c2w002bflf6ogyjshy8;30;10;0
cmqf55c2y002dflf6bve8gmjb;10;0;0
cmqf55c2z002fflf6q2qisyy4;30;9.99;0
cmqf55c30002hflf6jh6epqsk;30;10;0
cmqf55cds002jflf6y0rqeddr;30;10;0
cmqf55chp002lflf6xh869cgy;30;10;0
cmqf55cor002pflf677fw2nwh;10;0;0
cmqf55cor002rflf69gtvoice;10;0;0
cmqf55cot002vflf6qaoucy7z;20;0;0
cmqf55cs70030flf6xmjbesgi;30;10;0
cmqf55cs80031flf6ab9wic3h;30;10;0
cmqf55d0k0037flf62t7br4da;10;0;0
cmqf55d4z0039flf6uhtyalmy;30;10;0
cmqf55d88003bflf6vzcath6b;30;10;0
cmqf55dez003dflf66zdh5vb9;30;0;0
cmqf55df0003fflf6bl7wzi4o;30;10;0
cmqf55df1003hflf6l00lwusu;30;10;0
cmqf55dfc003jflf6k63i1kmm;0;10;0
cmqf55dki003lflf6f6ec7mc9;30;10;0
cmqf55dl2003nflf678npc9jl;30;10;0
cmqf55dlw003qflf6fo1h3331;10;0;0
cmqf55dpk003sflf6tpq7w9x6;30;10;0
cmqf55ubf0001fljhudiqhy08;30;10;0
cmqf55v7t0003fljh4pyybcqj;10;0;0
cmqf55v8j0005fljhg47hb6gt;0;10;0
cmqf55v8w0009fljh4l6uxbic;30;10;0
cmqf55v8x000bfljhow9x7cb5;10;0;0
cmqf55v9d000dfljhtmjkj49s;30000;0;0
cmqf55van000ffljhu62rm58p;30;10;0
cmqf55van000hfljheqadpqrx;10;0;0
cmqf55vap000jfljhn4wc82lp;10;0;0
cmqf55vap000mfljhqbxy1iqm;10;0;0
cmqf55vaq000nfljh21d73u0r;10;0;0
cmqf55vax000pfljh8ox78xcm;10;0;0
cmqf55wee000tfljhjgv4hw4e;0;10;0
cmqf55wef000vfljhwt3885ap;30;10;0
cmqf55wef000xfljh8sa7msqn;20;0;0
cmqf55weg000zfljhj1cu40b5;30;10;0
cmqf55weg0011fljh6jb1hnf8;30;10;0
cmqf55weh0013fljh77isa28i;30;10;0
cmqf55weh0015fljhuv1f283u;30;0;0
cmqf55wej0017fljhm26y4ksv;30;0;0
cmqf55wep0019fljhy6zys40u;30;0;0
cmqf55weq001bfljh15sit5mq;20;0;0
cmqf55wqd001ffljhnl62h2ju;10;0;0
cmqf55x46001hfljh61rqm9v3;10;0;0
cmqf55x6a001jfljh6ehd4juc;30;10;0
cmqf55x6k001mfljhol7gwy65;10;0;0
cmqf55x6l001ofljhadppee46;10;0;0
cmqf55x6m001rfljht4xjx7zn;10;0;0
cmqf55x6m001sfljhn058vm52;30;0;0
cmqf55x6n001ufljhio1zrsqo;15;0;0
cmqf55x6n001xfljhoyqxipvw;30;0;0
cmqf55x6n001yfljhfeef5hwu;0;10;0
cmqf55x6o0020fljhie3xux1t;0;10;0
cmqf55xa40022fljheprzsn94;30;10;0
cmqf55xst0024fljh9bzhhtly;30;10;0
cmqf55xsv0026fljhhjl7nubx;0;10;0
cmqf55xu60028fljhsz801845;0;10;0
cmqf55xu7002afljh56avhcpr;0;10;0
cmqf55xu8002cfljhohpjqjlt;30;9.99;0
cmqf55xzu002ffljhvcul1tcx;30;10;0
cmqf55xzu002hfljhyu2hy11v;30;10;0
cmqf55y1t002mfljh290pg4js;30;10;0
cmqf55yfu002qfljhbbnurckm;0;10;0
cmqf55yfv002sfljhrewn3xpn;30;10;0
cmqf55ygt002ufljho4r77oim;0;10;0
cmqf55yku002wfljhkg34cz73;10;0;0
cmqf55yky002yfljhu7v70n8y;10;0;0
cmqf55yl00030fljh94snaqc6;10;0;0
cmqf55ylo0032fljh69htr2ln;30;10;0
cmqf55ymz0034fljhwns3mfv4;10;0;0
cmqf55yn10038fljhpfxy3ur5;0;10;0
cmqf55yn2003afljhpgjp7m1z;0;10;0
cmqf55yqu003cfljhhwll9i5v;0;10;0
cmqf55z1f003efljhr9c9xj8p;0;10;0
cmqf55z4f003gfljhxuxutrmf;15;10;0
cmqf55z4g003ifljhl1ub3022;10;0;0
cmqf55z7v003kfljh58ax226r;30;10;0
cmqf55z8j003ofljhmyajyb0s;30;10;0
cmqf55z8n003qfljh6iwtpht8;0;10;0
cmqf55z8o003ufljhdgo3kd4w;0;10;0
cmqf55z8o003wfljhozpy77ds;0;10;0
cmqf55z8p003yfljhj9do0czz;30;10;120
cmqf55zbj0040fljhw9h4dinw;30;10;0
cmqf55zz10042fljhceafq7zk;30;10;0
cmqf5604k0044fljhrl6omy9q;0;10;0
cmqf5604l0046fljhmusu1fj7;0;10;0
cmqf5604m0048fljhlh1qo886;30;10;0
cmqf5607r004afljhpmm5mkky;30;10;0
cmqf560ad004cfljhmged91jm;30;0;0
cmqf560af004ffljhs68emugh;30;10;0
cmqf560ag004hfljhty1f11tt;1010;0;0
cmqf560ag004jfljh8a1qstsu;30;10;0
cmqf560ag004lfljhf0oft79y;30;10;0
cmqf560ag004nfljh2f88xy8u;30;10;0
cmqf560ja004pfljh9pnqfuyg;10;10;0
cmqf560qg004rfljhsnosltbd;10000;0;0
cmqf560qg004tfljhtjg826yh;10;0;0
cmqf560ra004vfljhm8tdvpt7;10;0;0
cmqf560w5004xfljhduto2cqw;10;0;0
cmqf560w6004zfljhdv2zoq6m;30;0;180
cmqf561010051fljh59th2avd;30;10;0
cmqf561010053fljh0zlsoa30;0;10;0
cmqf5611o0055fljhtq2l26e3;20;10;0
cmqf5611p0057fljhwzh2k842;0;10;0
cmqf5611p0059fljhstfuicd9;30;10;0
cmqf5613h005bfljhpvs3wmcj;30;10;0
cmqf5615x005dfljhwgx6z6v5;30;10;0
cmqf561d7005ffljho1ak7al2;30;10;0
cmqf561di005hfljhp3xc98ay;30;0;0
cmqf561s4005jfljh8rkoiqrk;30;0;0
cmqf561s6005lfljhj1f17v47;30;0;0
cmqf561sc005nfljh3aeniuxi;30;0;0
cmqf56217005pfljhsgqrp6qm;30;0;0
cmqf5621d005rfljhdwl1m9ba;30;0;0
cmqf5625n005tfljh5fdkn0z1;30;0;0
cmqf5625p005vfljh3241xu88;10;0;0
cmqf5625s005xfljhj5frfyyw;10;0;0
cmqf5625t005zfljhd0h8z3sy;10;0;0
cmqf562el0061fljhdah23b8b;30;0;0
cmqf562km0063fljh023h01eh;30;0;0
cmqf562ky0065fljhuqag0clz;0;10;0
cmqf562ne0067fljh2906ypy9;30;0;0
cmqf562p8006afljh3pa49aap;30;0;0
cmqf562pd006cfljhbmr3e934;30;0;0
cmqf562rs006efljhhhjdhifm;30;0;0
cmqf562tw006gfljhm0whf7mb;30;10;0
cmqf562tx006ifljhemqsl4xx;0;10;0
cmqf562x1006kfljh8gflx6p9;30;10;0
cmqf562x2006mfljhy9igyasj;20;10;400
cmqf562x3006ofljh50xtj62a;0;10;0
cmqf5638s006qfljh46jtrcd3;10;0;0
cmqf5638u006sfljh4k22e1ci;30;10;0
cmqf5638x006ufljhfdpe0pwt;0;10;0
cmqf563a6006wfljhyq7ag3jg;0;10;0
cmqf563bm006yfljhmaeadu7q;0;10;0
cmqf563bn0070fljhqrpsru2z;30;10;0
cmqf563dq0072fljh7d28y5ou;10;0;0
cmqf563f70074fljhp609e9vq;10;0;0
cmqf563k50076fljhwa4qxb9r;10;0;0
cmqf563k90078fljh71njhel2;10;0;0
cmqf563ke007afljhum9wu7sr;10;0;0
cmqf563kf007cfljhoo1z0gix;20;0;0
cmqf563y2007efljh90igp3c0;30;0;0
cmqf563ye007gfljhhmlbjrsq;30;10;0
cmqf563yq007jfljh623jdb0l;30;10;0
cmqf56441007lfljh6nmrrqvh;0;10;0
cmqf5644o007nfljhppq5694h;0;10;0
cmqf5644q007pfljh57qube8j;0;10;0
cmqf56461007rfljhv99x5v8m;30;10;0
cmqf5649y007tfljh2d3lvujn;0;10;0
cmqf5649z007vfljh21g7gbw5;10;0;0
cmqf564ad007xfljh7dgk2mg7;30;0;0
cmqf564an007zfljhlhejuobf;0;9.99;0
cmqf564ef0081fljh053xodm4;30;10;0
cmqf564kt0083fljh3wvbpe7p;30;10;0
cmqf564ku0085fljhfuok8mtt;30;10;0
cmqf564kv0087fljhiq89hcq9;10;0;0
cmqf564m70089fljh0179n2im;10;0;0
cmqf564ny008bfljh9khkrtzy;30;10;0
cmqf564o0008dfljh7m7tifqw;0;10;0
cmqf564p4008ffljhh0f3avla;30;10;0
cmqf564up008hfljhccauaxt3;30;10;0
cmqf564uq008jfljhgfbm2fxf;30;10;0
cmqf564ur008nfljhgawmta99;30;10;0
cmqf5655v008pfljhwcoq11w2;30;10;0
cmqf565gh008rfljhsojqthbs;30;10;0
cmqf565gi008tfljhuw2qknu8;0;10;0
cmqf565gj008vfljhmy5lptgh;30;0;0
cmqf565gk008zfljhzirb8wu6;30;0;0
cmqf565jk0093fljh6rttyjax;30;10;0
cmqf565jr0095fljhftyl5hci;0;30;0
cmqf565k80097fljheyi9ad2c;30;10;0
cmqf565rx009afljhsyvmpzmm;30;10;0
cmqf5666f009cfljh8n50350g;0;10;0
cmqf56690009efljho2cro6oc;0;10;0
cmqf566db009hfljhi0mju03z;0;10;0
cmqf566dd009jfljh5xhbfofh;30;0;0
cmqf566de009lfljhpbdsv50g;30;10;0
cmqf566fe009nfljhjinuftpp;30;10;0
cmqf566gb009pfljhc98776th;30;10;0
cmqf566gc009rfljhrkrp9s0s;0;10;0
cmqf566h1009tfljhv4prfs84;0;10;0
cmqf566lr009vfljh802t7zyz;0;10;0
cmqf566ny009xfljh4s3xa7oc;30;10;0
cmqf566qf009zfljhxqhapgfe;30;10;0
cmqf566si00a1fljht4rfakn7;30;0;0
cmqf5679h00a3fljhghcpb2y4;30;0;0
cmqf567hf00a5fljhocjgkb05;10;0;0
cmqf567hh00a7fljhzirgmhmy;10;0;0
cmqf567lz00a9fljh9js6shxg;10;0;0
cmqf567m800abfljhyikrkrff;20;0;0
cmqf567q200adfljhmmmadxsq;0;10;0
cmqf567q500affljhhqh958hc;30;10;0
cmqf567tl00ahfljh2opxr1o3;30;10;0
cmqf567xs00ajfljhd34buzgq;30;10;0
cmqf567xu00alfljh1x15pfcu;0;10;0
cmqf5681z00anfljh74raoyzh;30;10;0
cmqf5684000apfljhqqxr1t9z;10;0;0
cmqf5684100arfljhtl4ttytu;10;10;0
cmqf5685900atfljhretymfl8;30;10;0
cmqf5685a00avfljhgneklh9l;0;10;0
cmqf5689200axfljhl9wkwl2t;0;10;0
cmqf568a900azfljhkm7iqkwr;30;10;0
cmqf568bx00b1fljhkwhp81j6;30;0;0
cmqf568by00b3fljh3p2yau7x;0;10;0
cmqf568eh00b5fljhg6zp07k4;30;0;0
cmqf568hx00b7fljhanoxt2cx;30;10;0
cmqf568i800b9fljhg3i958ko;0;10;0
cmqf568ne00bcfljho9qwqzva;0;10;0
cmqf568ng00befljhmb9jk00v;30;10;0
cmqf568nw00bgfljhpc9qtbcn;30;0;0
cmqf5693k00bkfljhdlxwnwks;30;10;0
cmqf5696r00bmfljhsn7e8kxm;0;10;0
cmqf5696r00bofljhx9oi8ds5;30;10;0
cmqf5696s00bqfljhh4f2rs6i;20;10;0
cmqf569eu00bsfljhb8zmm2pu;30;10;0
cmqf569ga00bufljhsn3ymqtp;30;10;0
cmqf569gb00bwfljhpuhhm50t;30;10;0
cmqf569gc00byfljhwly8sgb0;10;0;0
cmqf569oi00c0fljhv4qi1vy5;10;0;0
cmqf569oj00c2fljhnu29yjes;30;10;0
cmqf569ok00c4fljhr1wyupat;30;10;0
cmqf569oz00c6fljh3dpihalb;30;10;0
cmqf569ra00c8fljh6l8x43rg;30;10;0
cmqf569s500cafljhixy92pk5;30;10;0
cmqf569t900ccfljh1z02t9hz;30;10;0
cmqf569va00cefljhuc5rj7be;10;0;0
cmqf569y100cgfljhz53nfk38;30;10;0
cmqf569zg00cifljhkfmvpw53;30;10;300
cmqf569zh00ckfljhqfwy0f1s;0;10;0
cmqf569zh00cmfljhyt5vjwrk;30;10;0
cmqf56a9v00cofljh7zzx0svm;30;10;0
cmqf56aae00crfljhq3ojlta2;30;0;345.0000000000001
cmqf56acg00ctfljhglrkmmrm;10;0;0
cmqf56ach00cvfljh61vfcfov;10;0;0
cmqf56acz00cxfljhwi693tt5;10;0;0
cmqf56ad000czfljh51kvg6qg;10;0;0
cmqf56agm00d1fljhf7pfk3yg;30;10;0
cmqf56ai400d3fljha5zkyok7;30;10;0
cmqf56ak800d5fljhzg7fq6zr;30;10;0
cmqf56ak900d7fljhjytdjmhy;0;10;0
cmqf56aka00d9fljhl9x1vh2r;0;10;0
cmqf56ap500dbfljhvkubjca5;0;10;0
cmqf56at100ddfljh0qponfud;30;10;300
cmqf56ath00dffljh78ydbec7;30;10;0
cmqf56avi00dhfljh508dm9y6;10;0;0
cmqf56avj00djfljh1mend38r;10;0;0
cmqf56avk00dlfljht9jsv8yo;30;10;0
cmqf56avk00dnfljhm1pj8kmd;20;10;0
cmqf56az600dpfljhq9iyx20d;30;10;0
cmqf56b1g00drfljh2exv4ist;30;10;0
cmqf56b6s00dtfljh8i2u7rw3;30;0;0
cmqf56b7300dvfljhqu5lmg2z;10;0;0
cmqf56b9400dxfljhls9f0wqc;10;0;0
cmqf56bl200dzfljh7uxkdbb7;10;0;0
cmqf56btk00e1fljhifew6tqh;10;0;0
cmqf56bwb00e3fljh28651g0p;10;0;0
cmqf56bwo00e5fljhsd1vvecz;10;0;0
cmqf56bwq00e7fljhyy0bhfd9;10;0;0
cmqf56bwr00e9fljheu5a9e4l;0;10;0
cmqf56bws00ebfljhhbvgy22h;30;10;0
cmqf56bzd00effljh3fqm1s6p;30;10;0
cmqf56c5q00ehfljhttfynogo;0;10;0
cmqf56c5r00ejfljhezkrd7w9;30;0;0
cmqf56c5u00elfljhbsrr9dx8;30;10;0
cmqf56c8g00enfljhbhr3jyuy;30;10;0
cmqf56cfc00epfljhkop5pf4s;30;10;0
cmqf56ckl00erfljhlvz7o6tc;0;10;0
cmqf56ckm00etfljh79sp9st2;0;10;0
cmqf56ckn00evfljh930xu8wf;0;10;0
cmqf56cks00exfljhh9jnmzk5;30;10;0
cmqf56ckt00ezfljhzsq4wl6v;30;10;0
cmqf56cku00f1fljhmf7r1eg5;30;10;0
cmqf56coo00f3fljhmqnx9dit;30;10;0
cmqf56crs00f5fljh5izyvdit;30;10;0
cmqf56cv900f7fljh7gb3jcjx;30000;0;0
cmqf56cvk00f9fljhm85q4hbv;30;10;0
cmqf56cvx00fbfljhnrqwfgw8;10;0;0
cmqf56cyj00fdfljh2loxlebh;10;0;0
cmqf56d2o00fffljhuh55db0w;10;0;0
cmqf56d4n00fhfljhv9sj2989;30;0;0
cmqf56d9c00fjfljhxgpvqih0;0;10;0
cmqf56d9e00flfljh0rprdgf7;30;10;0
cmqf56d9e00fnfljhqmt3r3hn;30;10;0
cmqf56d9e00fpfljhi5gcmy47;30;10;0
cmqf56d9e00frfljhlx2e4w1k;30;10;0
cmqf56dgk00ftfljh676oqtow;30;10;0
cmqf56dpo00fvfljholg47720;30;10;0
cmqf56dq000fxfljhvxk043nn;10;0;0
cmqf56dq100fzfljhyxk4nno8;10;0;0
cmqf56dq200g1fljhq5sn06bo;10;0;0
cmqf56dqa00g3fljhj62fvej6;10;0;0
cmqf56dqc00g5fljhu82d9oea;10;0;0
cmqf56dx600g7fljh0ozq8woi;30;10;0
cmqf56dx700gafljhq48vbo2e;30;10;0
cmqf56dx800gcfljhjxnix974;30;10;0
cmqf56dx900gefljh702v36ha;30;10;0
cmqf56e7u00ggfljhw5lztids;30;10;0
cmqf56edl00gifljhsgbrmrpj;0;10;0
cmqf56edm00gkfljhz60salt3;0;10;0
cmqf56edm00gmfljhlk7mexnt;30;10;0
cmqf56edn00gofljhcqdgvm0w;30;10;0
cmqf56edp00gqfljh005d55ii;0;10;0
cmqf56ekh00gsfljhztow7lj2;30;10;0
cmqf56ekh00gufljh2tkzo53v;30;10;0
cmqf56el300h0fljhr82iwjgo;30;10;0
cmqf56el500h2fljhc9030bcy;0;10;0
cmqf56ezw00h6fljhxq38cdg5;3;0;0
cmqf56ezx00h8fljhn6aj1cb9;1;0;0
cmqf56f0n00hafljhin7ou3st;3.3333;0;0
cmqf56f0v00hcfljhp84uexqn;3.3333;0;0
cmqf56f0v00hefljh2lmaqgh5;10;0;0
cmqf56f3p00hgfljhkbuqiyuj;10;0;0
cmqf56f8g00hifljhu2zj9kwo;10;0;0
cmqf56f8h00hkfljhcuyqqlkz;10;0;0
cmqf56f9400hmfljhjzzdbe4a;0;10;0
cmqf56f9400hofljh7x9n9vr9;30;10;0
cmqf56f9500hqfljhm4s4rklw;0;10;0
cmqf56ftu00hsfljhz01sqid9;30;10;0
cmqf56ftu00hufljhcqls06wk;30;10;0
cmqf56g3500hwfljhizue5jgx;0;10;0
cmqf56g3500hyfljhga5t97q6;30;0;0
cmqf56g3500i0fljh12oneneh;0;10;0
cmqf56g3500i2fljh4so19qki;20;10;0
cmqf56g3500i4fljh1o1fds4f;30;10;0
cmqf56gaf00i6fljhmpey601g;30;10;0
cmqf56gan00i8fljh1i3w2hgg;0;10;0
cmqf56gao00iafljhgfn1461n;10;0;94.50000000000011
cmqf56gap00icfljhm17sk958;10;0;0
cmqf56gbh00iefljhx53nwnis;0;10;0
cmqf56gi200igfljhn1bg68kh;0;10;0
cmqf56gjs00iifljh7zoaooxr;0;10;0
cmqf56goz00ikfljh8zs2ye4u;30;10;0
cmqf56gp000imfljhvkh3maa2;30;10;0
cmqf56gp100iofljhcus7l7t5;30;0;0
cmqf56gp200iqfljh093yjwwe;10;0;0
cmqf56gp300isfljhsmj7ai24;10;0;0
cmqf56gxe00iufljh26t3espx;10;0;0
cmqf56gxf00iwfljhhccj9q9n;10;0;0
cmqf56gxg00iyfljh6ansp53c;10;0;0
cmqf56gxt00j0fljhnmhcfwfe;10;0;0
cmqf56h6300j3fljhcy4w3feh;30;10;0
cmqf56h6400j5fljhgv25onkc;0;10;0
cmqf56hal00j7fljhmirhcxv5;30;10;0
cmqf56hdr00j9fljh2fe0iqb3;30;10;0
cmqf56hds00jbfljhhn867jjf;30;10;0
cmqf56hdu00jdfljhlcmpe0b7;30;10;0
cmqf56hdu00jffljhxugyfnw1;30;10;0
cmqf56he600jhfljhwtcqftnr;0;10;0
cmqf56hjh00jjfljh7bm8ysvj;0;10;0
cmqf56hle00jlfljhw15vrma7;30;10;0
cmqf56hle00jnfljhqt5jeqnw;30;0;0
cmqf56hle00jpfljhcp0eg5rb;20;0;0
cmqf56hp600jrfljhopihe8xy;30;0;0
cmqf56hpa00jtfljhignqc70r;30;0;0
cmqf56hyw00jvfljhwpsglby5;0;10;0
cmqf56hyx00jxfljhrei3z2t7;30;0;0
cmqf56i2l00jzfljhp07c3i6b;10;0;0
cmqf56i2m00k1fljhzcmpqtyh;10;0;0
cmqf56i2n00k3fljhh700mid5;10;0;0
cmqf56i3700k5fljhueh9c4md;30;0;0
cmqf56i6000k7fljh54xayj5n;30;0;0
cmqf56i6500k9fljhp4cxaceb;0;10;0
cmqf56i8r00kbfljhr8lhi4pg;30;0;0
cmqf56ibh00kffljh1k05jq06;10000;0;0
cmqf56ic000khfljh2m7cz4pi;10000;0;0
cmqf56ihh00kjfljhfz6j9ait;10;0;0
cmqf56iiq00klfljhqu20cq4o;10;0;0
cmqf56imn00knfljh2258vqbv;10;0;0
cmqf56imr00kpfljh7lw04cb9;30;0;0
cmqf56ims00krfljhbp7l9wby;30;0;0
cmqf56ims00ktfljhlmusohup;30;0;0
cmqf56ipz00kvfljh5ocyzyln;30;0;0
cmqf56iq000kxfljhm7nfch30;30;0;0
cmqf56is100kzfljhxkqg4upb;30;0;0
cmqf56isz00l1fljhekrb9d49;0;10;0
cmqf56its00l3fljhxireus4w;0;10;0
cmqf56iw300l5fljh2d1uau2b;10;0;0
cmqf56j2e00l7fljhxfeus4o5;30;0;0
cmqf56joc00lafljhxs3gmy6g;10;0;0
cmqf56jof00lcfljhadbzidfh;30;0;0
cmqf56jry00lefljhhzykasu7;30;0;0
cmqf56jrz00lgfljhpc1qbawc;10;0;0
cmqf56js100lifljhc4zqj7i9;30;0;0
cmqf56jvz00lkfljh5g543aqg;10;0;0
cmqf56k2600lmfljhavzk0otl;10;0;0
cmqf56k7r00lofljhb4dh6l6k;10;0;0
cmqf56kb400lsfljh0hs4j19a;30;0;0
cmqf56kda00lufljh6ksowtog;20;10;0
cmqf56ki800lwfljhjq1d6bmg;30;0;0
cmqf56km000lyfljhk7pdmm0u;30;0;0
cmqf56ko300m0fljhmwn9z8b4;0;10;0
cmqf56kok00m2fljhwxscmnqb;0;10;0
cmqf56kq300m4fljh6iqkvnwe;30;0;0
cmqf56kq400m6fljh5funnonw;30;0;0
cmqf56krv00m8fljhj78fxrhb;30000;0;0
cmqf56kuc00mafljheev76pea;0;10;0
cmqf56kuc00mcfljhqimxcnae;30;0;0
cmqf56kv000mffljhwser96b0;10;0;147.0000000000001
cmqf56kxp00mhfljhfmieo8q9;30;0;0
cmqf56l1i00mjfljh51w6wwgp;30;0;0
cmqf56lgr00mofljhyvbhki7u;30;0;0
cmqf56lgs00mqfljh4ydncc86;20000;0;0
cmqf56lkx00msfljh553ldvli;30;0;0
cmqf56lob00mufljhtl4vgxf7;30;0;0
cmqf56loc00mwfljhu5zvhjuu;0;10;0
cmqf56luf00n0fljh0xr5ctxz;0;10;0
cmqf56lww00n2fljhnbqfjheb;30;10;0
cmqf56m3a00n5fljhynuvma2r;30;0;0
cmqf56m6o00n9fljhzmbx57jw;30;0;0
cmqf56mc500ncfljh4qwrqxha;30;0;0
cmqf56mc600nefljhb8aemgl0;30;0;0
cmqf56mcc00ngfljhtu5wj7mm;30;0;0
cmqf56mcd00nifljhbul56gxk;30;0;0
cmqf56mce00nkfljhiuf622s8;30;0;0
cmqf56mg700nmfljhuybuv1ql;30;0;0
cmqf56mgq00nofljh6r48pcsk;0;10;0
cmqf56mgr00nqfljh5vi8bycy;30;0;0
cmqf56mni00nsfljhqm4rxdqp;30000;0;0
cmqf56mrw00nwfljh9vgo9fv1;30;0;0
cmqf56mvf00nyfljh08m617bj;30;0;0
cmqf56mvv00o0fljh510ifk0q;0;10;0
cmqf56mxr00o2fljhnqvbel31;0;10;0
cmqf56mxr00o4fljhlt4it7p2;30000;0;0
cmqf56mxs00o6fljhuemq2ldi;30;0;99
cmqf56myx00o8fljh5w9r61rk;10;0;0
cmqf56n3400oafljhvj3n4zyf;10;0;0
cmqf56n3500ocfljhllk19tzg;10;0;0
cmqf56n8x00oefljhr9e62yq9;0;10;0
cmqf56nay00ogfljho1g81huw;30;0;0
cmqf56ngt00oifljhd5014s6r;30;0;0
cmqf56nix00okfljhe6xac8jb;0;10;0
cmqf56nm900onfljhdt2pm7l7;30;0;0
cmqf56nmy00opfljhvre1ebe4;0;10;0
cmqf56now00orfljhs6vlylak;0;10;0
cmqf56nq900otfljhcgroxv0j;30;0;0
cmqf56nrx00ovfljh01075npy;30;0;0
cmqf56ntg00oxfljh9nutn92g;30;0;0
cmqf56ntw00ozfljhr63b9nfk;5;0;0
cmqf56nwx00p1fljhjobt6qu8;0;10;0
cmqf56nx500p3fljhmna05h2l;30;0;0
cmqf56nzo00p5fljhzuh3uysm;0;10;0
cmqf56o1800p7fljh54g142oe;0;10;0
cmqf56o2u00p9fljhrqxl9i5f;30;0;0
cmqf56o7p00pbfljhlb5a46vs;30;0;60
cmqf56o7u00pdfljhce63rv2w;30;0;0
cmqf56obv00pffljhsbxilarz;30;0;0
cmqf56obw00phfljhjvly161s;30;10;0
cmqf56obx00pjfljhy5ejli0v;30;0;0
cmqf56om400plfljhwu1f304f;30;0;0
cmqf56omm00pnfljhgib7si3c;30;0;0
cmqf56owp00ppfljhe82kcwjv;30;10;0
cmqf56owq00prfljhugqkg4tg;30;0;0
cmqf56owr00ptfljhe3hsc7ox;30;0;0
cmqf56p2g00pvfljhbf8aq3sp;0;10;0
cmqf56pe400pxfljhsg4hhu6n;30;0;0
cmqf56pew00pzfljhcaewfijj;30;0;0
cmqf56pf300q1fljhxb105dqz;0;10;0
cmqfgr6f30001kqszo0wmu7qu;30;10;0
cmr6c3kq70002kq5gzp2em3v3;30;10;0
cmr6cnhvu001rkq5g3kr5ow54;30;10;0
cmr6dc42h002qkq5gfl3z5fqd;30;10;0
cmr6e1lxq002vkq5gv48ilrt1;30;10;0
cmr6e7gmn003mkq5goiae1iht;30;10;300
cmr6eo2up004bkq5g3b6rdorl;30;10;0
cmr6ew0yb004ykq5g12he8zyb;30;10;0
cmr6f78y9005hkq5g6hnghw03;30;10;0
cmr6f8vlq005ukq5gp2mppug1;30;10;0
cmr6fjke9005zkq5g4r864y7j;30;10;0
cmr6u1awd0064kq5g8btlt9la;10;0;0
cmr6u50gv0069kq5gjni7qiwg;10;0;0
cmr6u8a4l006ekq5galn945x8;10;0;0
cmr6uoep3006lkq5gpa1ayiqe;30;10;150
cmr6vfgs6006vkq5gyr5dnnnf;30;10;0
cmr6vx9td0072kq5gbni2yfec;30;10;0
cmr6wbde0007xkq5gyvy650s2;30;10;0
cmr6ww8w8008ukq5g5q54qq2j;30;10;0
cmr6xonxl0097kq5gaets4a0w;10;0;0
cmr6xs4ht009ckq5ga7cognb8;10;0;0
cmr6xvl8r009hkq5gmc2e6m8d;10;0;0
cmr6yb1i0009ykq5g04g7s62c;30;10;0
cmr708lwg00alkq5gxsne70nn;30;10;0
cmr70j8e800bgkq5gbfv184fo;30;10;0
cmr70pf0i00blkq5g175uyqp5;20;10;300
cmr70xozf00bqkq5gg6ly0bay;20;10;0
cmr71rqkv00cwkq5ghezgnnfd;30;10;0
cmr723leg00dfkq5gp62wcsw0;30;10;0
cmr736mgx00dnkq5grij8eut2;30;10;151.82
cmr7wjqdp00e6kq5gcyxv2j5f;30;10;0
cmr7wue1q00enkq5ghur620vy;30;10;0
cmr7x0d7g00eskq5g5maiakfo;10;0;0
cmr7x5gxx00exkq5gvdxxo6s9;10;0;0
cmr7xh0tv00f2kq5gefir4fxo;10;0;0
cmr7xs11900fxkq5gaef273sm;30;10;0
cmr7xzfzz00g2kq5g9744rw2r;10;0;0
cmr7ydua100g9kq5gmo39trtz;30;10;0
cmr7yv4mf00gekq5g7y1hb12f;10;0;0
cmr7yzazp00gjkq5gfr0519pw;10;0;0
cmr7z3s0000gokq5glt9eu0yk;10;0;0
cmr7z7gxv00gtkq5gqp981ryh;10;0;0
cmr80oypq00hgkq5gx0be83zb;30;10;0
cmr80u7ke00hlkq5gn3gq5ywj;30;0;0
cmr80y14j00hpkq5gjte0ms4c;30;10;90
cmr813kne00hukq5gmemq6xzm;30;10;0
cmr81e7s700j7kq5g89h8ui5r;30;10;0
cmr8231rg00jukq5guwh4qb0n;30;10;0
cmr82d2dz00klkq5gc807gh51;30;10;0
cmr835i5s00lgkq5ge7j72saq;30;10;300
cmr9tp14q00llkq5gthrlqkd5;30;10;0
cmr9u1t3200m6kq5gxyikuooe;30;10;300
cmr9ujnoy00mxkq5g6vdfhn7s;30;10;0
cmra0fhi600nmkq5guxto0veq;30;10;0
cmra0mihe00nzkq5gsz9i4nc3;30;10;0
cmra0x76600o4kq5gidy6i2wv;30;10;0
cmra16x3n00oekq5g7lo41fqw;30;10;0
cmra1dc1s00ojkq5gvwvdytk3;30;10;0
cmra1jqp200ookq5g1nu6qc1s;10;0;0
cmra1lhjf00otkq5g7pgtp19r;10;0;0
cmra1mupz00oykq5g7mf18epp;10;0;0
cmra1u6ch00ppkq5g5e4nujpi;30;10;0
cmra24sb900qikq5gui9urdzj;30;10;0
cmra2hxxf00rlkq5g6sh2f11q;30;10;0
cmra2zifg00sekq5g0t7brplr;30;10;0
cmra3bscq00sxkq5g6lcke7ey;30;10;0
cmra3fbj700t2kq5g55rp4asb;10;0;0
cmra3hpci00t7kq5gjei2f9t2;10;0;0
cmra3rls100twkq5gv7zjutb9;30;10;0
cmra3yeq800u1kq5gaqj8hokk;20;10;0
cmra4gs2c00uxkq5gnxuc8zxm;0;10;0
cmra4n3c200v2kq5grvg3hjun;30;10;0
cmra4uubi00w5kq5g57fcjlav;30;10;0
cmrarbi5g00wakq5gqp7vqans;30;10;0
cmrarisnf00x3kq5gz2xicg8v;30;10;0
cmrarumur00xgkq5gfb1f640j;30;10;0
cmrarvd0c00xzkq5g56loqjio;30;10;0
cmras9hte00yokq5gw7v8t891;30;10;0
cmrasircw00ytkq5gsraukpjy;30;10;0
cmratv7vq00yykq5gt81ptlwi;10;0;0
cmrau1bgb00z3kq5g73j2bsfz;10;0;0
cmrauaj9l00z8kq5gqnx02l7l;10;0;0
cmraulpek00zdkq5gnj8prlxc;30;10;0
cmravl4mm0101kq5gxqaz014s;30;10;0
cmravyopy010okq5g7tu30k84;30;10;0
cmrawb7eu010tkq5gnzwmxrkl;30;10;0
cmrawqlk8011ikq5gqw5v5s79;30;10;0
cmrce4qbu011xkq5g9yqgc199;30;10;9
cmrce8jau0121kq5g0jarfvmo;30;10;300
cmrceg1z60126kq5gqm6c04i8;30;10;0
cmrcehv7o012bkq5g3grmre3i;30;10;150
cmrcekd6b012wkq5gimrir2st;0;10;0
cmrceq6id0131kq5g95qxhfpk;30;10;0
cmrceqxpu013ykq5guxhwkjel;20;10;0
cmrcf03on0143kq5glyo6gqpr;30;10;0
cmrcf2m60014ykq5gi1mgzh64;0;10;0
cmrcf9ar10153kq5gire0kyx5;30;10;0
cmrcfc2gr0158kq5ghyu48ehy;30;10;300
cmrcfodaq015ikq5gra6qne9z;30;10;600
cmrcfsjb9015nkq5gnhqq6i4p;5;0;187.5
cmrcfthxk015skq5gaitfjh2e;30;10;300
cmrdkskiq0002kq9kiq395xib;10;0;0
cmrdlptlu0007kq9kufptbzo7;10;0;0
cmrdmck02000mkq9kwx1nxzx6;20;10;700
cmrdurev7000rkq9kkaejctle;5;0;250
cmrf49u5x000hkqys7zsu16y1;30;0;300
cmrf5vo7i001fkqysvdac8gkm;30;10;510
cmrjjz3ck001pkqbdyixg72lk;0;10;0
cmrjl4cq60006kqdkcy3q3wsi;10;0;100
cmrjl9jn6000akqdkz5iq59rh;30;10;390
cmrjlapif000ekqdkg4zaov3m;30;10;300
cmrjlxl1g001kkqdk08gis6n8;30;10;0
cmrjm1j21001pkqdky3kgay51;0;10;0
cmrjm8n24001tkqdkklwk8ki3;0;10;0
cmrkt3i3a005xkqdkxntkf5uk;30;10;0
cmrkujmes006jkqdkdx1j34nw;30;10;360
cmrkxccc7008akqdkmlo50y5q;30;10;0
cmrm4f7l9008ykqdkq0af7912;30;10;300
cmrm4k4hn0092kqdk7ybdzacr;20;10;300
cmrm4maxa0096kqdk0cjur1j3;30;9.99;0
cmrm4taly009ckqdkbrn2zl5g;0;10;0
cmrm5jpaj009ukqdkiptmseg5;9.99;0;99.9
cmrme4hcj00d5kqdkfnrl8oxp;10;0;0
cmrmj3w0300dakqdkpnxo122y;30;10;0
cmroxawil0005kqdnv0pztzv0;30;10;0
cmroxojyc000ikqdn2g1vkibn;10;0;0
cmroyf8ed000mkqdnxofs9w6p;30;10;450
cmrp2omjc0020kqdnimtdwquz;30;10;0
cmrp62n1h0007kq55emqyxaah;30;10;0
cmrp7dhdd000fkq556zsy31no;30;10;0
cmrp7gguh000jkq556tqyzmuz;0;10;0
cmrpb7235001okq55rqp5srpy;10;0;0
cmrqbmwi2002nkq55vaprhnqh;10;0;0
cmrqhbqhh004lkq55tqwhsw49;10;0;0
cmrtbh6ea0062kq5589lmu1ty;30;10;0
cmrtfgy5y006gkq5500wi8f2v;30;10;0
cmrtfxpgl006mkq550q38z23q;0;10;0
cmrtgzlrp007ckq55uavw11zx;30;10;0
cmrth0ygi008dkq55c0fhwkia;30;10;0
cmrthawzo008tkq55rrh2kiit;0;10;0
cmrtkaq5v00a3kq55x5jdch5v;30;10;0
cmrut4dm300b7kq55ymt6s3ny;30;10;0
cmrutckkd00bfkq55thfs59yc;20;0;0
cmrutlhym00bvkq55emcm58zj;15;10;0
cmruty0e100c5kq55q28rhc6l;10;10;0
cmruu0bhc00c9kq55utfep0gh;30;10;0
cmruu7snb00chkq55udfaivnh;30;10;0
cmrw4a08600f5kq5570kmagza;20;10;0
cmrw4deo100fakq55zbfks35j;30;10;0
cmrwb5s7400ghkq5514dvu7z2;30;10;0
cmrwbs79t00h5kq55dfjoko98;30;10;0
cmrwc3abl00hmkq557mprp4de;10;0;0
cmrwcnh0i00iakq55ajpax6ul;30;10;0
cmrwfibw600j2kq55pd0nsf9c;30;10;0
cmrwflstq00j6kq555dfi82ol;0;10;0
cmrxoqqez00jukq55puq6wpsj;0;10;0
cmrxoyiio00k4kq55zqtvn2d2;30;10;0
cmrxsafej00mlkq552nhfu9mf;30;10;0
cmrxup9xd00n6kq55w6y849v6;30;10;0
cmrxurkqs00nckq55t5ush6rn;10;0;0
cmrxwghur00ozkq55mruzgedp;30;10;0
cmrxwzicn00pbkq55u79z22sn;0;10;0
cmrxyayns000ekq70qgmmyccs;30;10;0
cmryzprmh0005kqklet44mbgm;30;10;0
cmryzqdsx0009kqkl1wy4ibmk;30;10;0
cmrz05pgq000nkqkl5huutl0y;10;0;0
cmrzbjjs40023kqklv2s66xeh;30;10;0
cms1z749k003akqklpncp4dbn;0;10;0
cms1zc29f003gkqklni7ouol2;20;10;0
cms20cnzg003wkqklxu46jkpm;10;0;0
cms24rbb6006okqklp38pnvb1;0;10;0
cms24ykmg0072kqklm54eg0nl;30;10;0
cms3clyd9009ekqkly1ykrx08;0;10;0
cms3gurke00ankqklew8orhjy;30;10;0
cms3icj6h00bkkqklsyss0d0d;30;10;0
cms3j1d8900bukqklqbjnimco;10;10;0
cms3juyfp00cukqklg02gmzyg;30;10;0
cms3jw0lg00cykqkleemm8j2c;10;10;150
cms4nnnlm000skqegnsvtsbic;30;10;0
cms51j2fb002vkqegazdcf6w7;10;0;0
cms67n4vp004ukqegriv5r42y;10;10;0
cms695t9h005fkqegwzucdrof;30;10;0
cms6dwdbq005okqegz2vjgavx;0;10;0
cms6g9tpp006ikqeg1uwh39qa;30;10;0
cms6gaii2006mkqeg23vpfqjd;30;10;0
cms6grlgc006skqegtz0rm041;30;10;0
cms7l0ggk0076kqeg8tad70e1;30;10;0
cms7lr7rl007gkqegityeeztj;20;10;0
cms7lxech007mkqegly3479bm;10;0;0
cms7m43vj007skqegkqdgotcw;30;10;0
cms7m5btp007wkqegs15w04h5;30;10;0
cms7mjbwk0080kqegr51sxhvj;30;10;450
cms7mztua008akqegqvp6f1ya;10;0;0
cms7n7s3g008kkqegtrs3b9mx;20;10;0
cms7nb0z2008okqegry0ms2in;30;10;0
cms7nhsus008skqegduo2y1oo;0;10;0
cms7nngvq008wkqeg6i0d5btt;0;10;0
cms7nu2le0096kqegli7pdhqk;10;0;0
cms7nvctu009akqegd5zbare5;10;0;0
cms7q0wg8009tkqegrt8s622f;0;10;0
cms7q9jti009zkqeg97gysyu4;30;10;0
cms7qe1ys00a3kqegz9smnp4u;30;10;150
cms7sqhzu00bvkqegz6kaszna;10;0;0
cmsaga0r70019kq24xkzj12ha;30;10;0
cmsakq00l001dkq24xpzlzycd;30;10;0
cmsaly132001hkq24daj46wuc;20;10;0
